question,answer
"Hi, how are you?","Hello! I'm here to help with any healthcare-related questions or concerns you may have."
"I've been feeling nauseous lately.","Nausea can be caused by various factors such as food poisoning, motion sickness, or a stomach virus. Have you experienced any other symptoms?"
"What should I do if I have a fever?","If you have a fever, it's important to rest, stay hydrated, and monitor your temperature. If your fever persists or is accompanied by other concerning symptoms, consider consulting with a healthcare professional."
"What are the common symptoms of COVID-19?","Common symptoms of COVID-19 include fever, cough, and difficulty breathing. If you suspect you may have COVID-19, it's important to get tested and follow guidelines from health authorities."
"I'm having trouble sleeping at night.","Difficulty sleeping can be caused by various factors such as stress, anxiety, or an underlying medical condition. Have you tried any relaxation techniques or sleep aids?"
"I think I might have sprained my ankle. What should I do?","If you suspect you've sprained your ankle, remember R.I.C.E.: Rest, Ice, Compression, and Elevation. If the pain persists or if you're unable to bear weight on your ankle, consider seeking medical attention."
"I'm experiencing chest pain.","Chest pain can be a sign of a serious medical condition. I recommend seeking immediate medical attention. Please call emergency services or visit the nearest hospital."
"What's the best way to prevent the common cold?","To prevent the common cold, practice good hand hygiene, avoid close contact with sick individuals, and maintain a healthy lifestyle with regular exercise and a balanced diet."
"I need advice on managing stress.","Stress management techniques such as deep breathing exercises, meditation, and regular physical activity can be helpful. It's also important to prioritize self-care and seek support from friends, family, or a mental health professional if needed."
"I have a rash on my arm. What could it be?","Rashes can be caused by various factors such as allergies, infections, or skin conditions. It's best to have it examined by a healthcare professional for an accurate diagnosis and appropriate treatment."
"I'm experiencing abdominal pain.","Abdominal pain can be caused by many different conditions, ranging from minor issues to serious medical emergencies. If you're experiencing severe or persistent abdominal pain, it's important to seek medical attention."
"I need to schedule a check-up with my doctor.","Sure! I can help you with that. Please provide your preferred date and time, and I'll assist you in scheduling the appointment."
"What's the recommended daily intake of water?","The recommended daily intake of water varies depending on factors such as age, gender, and activity level. However, a general guideline is to drink about 8 glasses (64 ounces) of water per day."
"I'm feeling extremely tired all the time.","Fatigue can be caused by various factors such as lack of sleep, stress, or an underlying medical condition. It's important to address the root cause. Have you been getting enough rest?"
"I need to refill my prescription medication.","Sure! Please provide the name of the medication and your pharmacy information, and I'll assist you in arranging a refill with your healthcare provider."
"I'm having trouble breathing.","Difficulty breathing can be a sign of a serious medical condition. I recommend seeking immediate medical attention. Please call emergency services or visit the nearest hospital."
"Can you provide information about COVID-19 vaccines?","Certainly! COVID-19 vaccines are designed to prevent illness caused by the SARS-CoV-2 virus. They have undergone rigorous testing to ensure safety and efficacy. Vaccination is recommended by health authorities to help control the spread of COVID-19 and protect individuals from severe illness."
"I'm experiencing back pain. What should I do?","Back pain can be caused by various factors such as muscle strain, poor posture, or a herniated disc. I recommend applying ice or heat, taking over-the-counter pain medication, and practicing gentle stretching exercises. If the pain persists or worsens, consider consulting with a healthcare professional."
"I'm feeling anxious about an upcoming procedure.","It's natural to feel anxious before a medical procedure. Try practicing relaxation techniques such as deep breathing exercises or visualization. You can also discuss your concerns with your healthcare provider, who can provide additional support and guidance."
"I'm having trouble losing weight despite exercising and dieting.","Weight loss can be challenging and may require a personalized approach. Consider consulting with a registered dietitian or a healthcare professional who can help you develop a tailored diet and exercise plan based on your individual needs and goals."
"I'm experiencing frequent headaches.","Headaches can be caused by various factors such as stress, dehydration, or eye strain. Keeping hydrated, managing stress, and practicing good posture can help prevent headaches. If they persist or worsen, consider consulting with a healthcare professional."
"I need advice on quitting smoking.","Quitting smoking is a great decision for your health! Consider seeking support from resources such as smoking cessation programs, nicotine replacement therapy, or prescription medications. You can also talk to your healthcare provider for personalized advice and assistance."
"I'm feeling extremely stressed and overwhelmed with work.","Stress management is crucial for maintaining overall well-being. Consider practicing relaxation techniques such as deep breathing exercises, meditation, or mindfulness. It's also important to prioritize self-care, set boundaries, and seek support from friends, family, or a mental health professional if needed."
"I'm experiencing joint pain in my knees.","Joint pain in the knees can be caused by various factors such as osteoarthritis, injury, or overuse. I recommend rest, ice or heat therapy, gentle stretching exercises, and over-the-counter pain medication. If the pain persists or worsens, consider consulting with a healthcare professional."
"I'm having trouble sleeping at night.","Difficulty sleeping can be caused by various factors such as stress, anxiety, or an underlying medical condition. Have you tried any relaxation techniques or sleep aids?"
"I think I might have sprained my ankle. What should I do?","If you suspect you've sprained your ankle, remember R.I.C.E.: Rest, Ice, Compression, and Elevation. If the pain persists or if you're unable to bear weight on your ankle, consider seeking medical attention."
"I'm experiencing chest pain.","Chest pain can be a sign of a serious medical condition. I recommend seeking immediate medical attention. Please call emergency services or visit the nearest hospital."
"What's the best way to prevent the common cold?","To prevent the common cold, practice good hand hygiene, avoid close contact with sick individuals, and maintain a healthy lifestyle with regular exercise and a balanced diet."
"I need advice on managing stress.","Stress management techniques such as deep breathing exercises, meditation, and regular physical activity can be helpful. It's also important to prioritize self-care and seek support from friends, family, or a mental health professional if needed."
"I have a rash on my arm. What could it be?","Rashes can be caused by various factors such as allergies, infections, or skin conditions. It's best to have it examined by a healthcare professional for an accurate diagnosis and appropriate treatment."
"I'm experiencing abdominal pain.","Abdominal pain can be caused by many different conditions, ranging from minor issues to serious medical emergencies. If you're experiencing severe or persistent abdominal pain, it's important to seek medical attention."
"I need to schedule a check-up with my doctor.","Sure! I can help you with that. Please provide your preferred date and time, and I'll assist you in scheduling the appointment."
"What's the recommended daily intake of water?","The recommended daily intake of water varies depending on factors such as age, gender, and activity level. However, a general guideline is to drink about 8 glasses (64 ounces) of water per day."
"I'm feeling extremely tired all the time.","Fatigue can be caused by various factors such as lack of sleep, stress, or an underlying medical condition. It's important to address the root cause. Have you been getting enough rest?"
"I need to refill my prescription medication.","Sure! Please provide the name of the medication and your pharmacy information, and I'll assist you in arranging a refill with your healthcare provider."
"I'm having trouble breathing.","Difficulty breathing can be a sign of a serious medical condition. I recommend seeking immediate medical attention. Please call emergency services or visit the nearest hospital."
"Can you provide information about COVID-19 vaccines?","Certainly! COVID-19 vaccines are designed to prevent illness caused by the SARS-CoV-2 virus. They have undergone rigorous testing to ensure safety and efficacy. Vaccination is recommended by health authorities to help control the spread of COVID-19 and protect individuals from severe illness."
"I'm experiencing back pain. What should I do?","Back pain can be caused by various factors such as muscle strain, poor posture, or a herniated disc. I recommend applying ice or heat, taking over-the-counter pain medication, and practicing gentle stretching exercises. If the pain persists or worsens, consider consulting with a healthcare professional."
"I'm feeling anxious about an upcoming procedure.","It's natural to feel anxious before a medical procedure. Try practicing relaxation techniques such as deep breathing exercises or visualization. You can also discuss your concerns with your healthcare provider, who can provide additional support and guidance."
"I'm having trouble losing weight despite exercising and dieting.","Weight loss can be challenging and may require a personalized approach. Consider consulting with a registered dietitian or a healthcare professional who can help you develop a tailored diet and exercise plan based on your individual needs and goals."
"I'm experiencing frequent headaches.","Headaches can be caused by various factors such as stress, dehydration, or eye strain. Keeping hydrated, managing stress, and practicing good posture can help prevent headaches. If they persist or worsen, consider consulting with a healthcare professional."
"I need advice on quitting smoking.","Quitting smoking is a great decision for your health! Consider seeking support from resources such as smoking cessation programs, nicotine replacement therapy, or prescription medications. You can also talk to your healthcare provider for personalized advice and assistance."
"I'm feeling extremely stressed and overwhelmed with work.","Stress management is crucial for maintaining overall well-being. Consider practicing relaxation techniques such as deep breathing exercises, meditation, or mindfulness. It's also important to prioritize self-care, set boundaries, and seek support from friends, family, or a mental health professional if needed."
"I'm experiencing joint pain in my knees.","Joint pain in the knees can be caused by various factors such as osteoarthritis, injury, or overuse. I recommend rest, ice or heat therapy, gentle stretching exercises, and over-the-counter pain medication. If the pain persists or worsens, consider consulting with a healthcare professional."
"I'm having trouble sleeping at night.","Difficulty sleeping can be caused by various factors such as stress, anxiety, or an underlying medical condition. Have you tried any relaxation techniques or sleep aids?"
"I think I might have sprained my ankle. What should I do?","If you suspect you've sprained your ankle, remember R.I.C.E.: Rest, Ice, Compression, and Elevation. If the pain persists or if you're unable to bear weight on your ankle, consider seeking medical attention."
"I'm experiencing chest pain.","Chest pain can be a sign of a serious medical condition. I recommend seeking immediate medical attention. Please call emergency services or visit the nearest hospital."
"What's the best way to prevent the common cold?","To prevent the common cold, practice good hand hygiene, avoid close contact with sick individuals, and maintain a healthy lifestyle with regular exercise and a balanced diet."
"I need advice on managing stress.","Stress management techniques such as deep breathing exercises, meditation, and regular physical activity can be helpful. It's also important to prioritize self-care and seek support from friends, family, or a mental health professional if needed."
"I have a rash on my arm. What could it be?","Rashes can be caused by various factors such as allergies, infections, or skin conditions. It's best to have it examined by a healthcare professional for an accurate diagnosis and appropriate treatment."
"I'm experiencing abdominal pain.","Abdominal pain can be caused by many different conditions, ranging from minor issues to serious medical emergencies. If you're experiencing severe or persistent abdominal pain, it's important to seek medical attention."
"I need to schedule a check-up with my doctor.","Sure! I can help you with that. Please provide your preferred date and time, and I'll assist you in scheduling the appointment."
"What's the recommended daily intake of water?","The recommended daily intake of water varies depending on factors such as age, gender, and activity level. However, a general guideline is to drink about 8 glasses (64 ounces) of water per day."
"I'm feeling extremely tired all the time.","Fatigue can be caused by various factors such as lack of sleep, stress, or an underlying medical condition. It's important to address the root cause. Have you been getting enough rest?"
"I need to refill my prescription medication.","Sure! Please provide the name of the medication and your pharmacy information, and I'll assist you in arranging a refill with your healthcare provider."
"I'm having trouble breathing.","Difficulty breathing can be a sign of a serious medical condition. I recommend seeking immediate medical attention. Please call emergency services or visit the nearest hospital."
"Can you provide information about COVID-19 vaccines?","Certainly! COVID-19 vaccines are designed to prevent illness caused by the SARS-CoV-2 virus. They have undergone rigorous testing to ensure safety and efficacy. Vaccination is recommended by health authorities to help control the spread of COVID-19 and protect individuals from severe illness."
"I'm experiencing back pain. What should I do?","Back pain can be caused by various factors such as muscle strain, poor posture, or a herniated disc. I recommend applying ice or heat, taking over-the-counter pain medication, and practicing gentle stretching exercises. If the pain persists or worsens, consider consulting with a healthcare professional."
"I'm feeling anxious about an upcoming procedure.","It's natural to feel anxious before a medical procedure. Try practicing relaxation techniques such as deep breathing exercises or visualization. You can also discuss your concerns with your healthcare provider, who can provide additional support and guidance."
"I'm having trouble losing weight despite exercising and dieting.","Weight loss can be challenging and may require a personalized approach. Consider consulting with a registered dietitian or a healthcare professional who can help you develop a tailored diet and exercise plan based on your individual needs and goals."
"I'm experiencing frequent headaches.","Headaches can be caused by various factors such as stress, dehydration, or eye strain. Keeping hydrated, managing stress, and practicing good posture can help prevent headaches. If they persist or worsen, consider consulting with a healthcare professional."
"I need advice on quitting smoking.","Quitting smoking is a great decision for your health! Consider seeking support from resources such as smoking cessation programs, nicotine replacement therapy, or prescription medications. You can also talk to your healthcare provider for personalized advice and assistance."
"I'm feeling extremely stressed and overwhelmed with work.","Stress management is crucial for maintaining overall well-being. Consider practicing relaxation techniques such as deep breathing exercises, meditation, or mindfulness. It's also important to prioritize self-care, set boundaries, and seek support from friends, family, or a mental health professional if needed."
"I'm experiencing joint pain in my knees.","Joint pain in the knees can be caused by various factors such as osteoarthritis, injury, or overuse. I recommend rest, ice or heat therapy, gentle stretching exercises, and over-the-counter pain medication. If the pain persists or worsens, consider consulting with a healthcare professional."
"Good morning! How can I help you today?","Hello! I'm here to assist you with any healthcare-related questions or concerns you may have."
"I've been feeling a bit under the weather lately.","I'm sorry to hear that. Can you describe your symptoms? I'll do my best to help you."
"What's the best way to relieve a sore throat?","Gargling with warm salt water, drinking plenty of fluids, and using over-the-counter pain relievers can help ease the discomfort of a sore throat."
"What are some healthy breakfast options?","Healthy breakfast options include oatmeal with fruit, whole grain toast with avocado, Greek yogurt with berries, or a vegetable omelet."
"I've been having trouble sleeping. Any tips for better sleep?","Establishing a bedtime routine, limiting screen time before bed, and creating a comfortable sleep environment can help improve sleep quality."
"How often should I exercise to stay healthy?","The American Heart Association recommends at least 150 minutes of moderate-intensity aerobic activity or 75 minutes of vigorous-intensity aerobic activity per week, along with muscle-strengthening activities on two or more days a week."
"I'm interested in starting yoga. Where should I begin?","Starting with beginner-friendly yoga classes or online tutorials can be a great way to ease into yoga practice. Focus on proper alignment and listen to your body's cues."
"What's the best way to stay hydrated throughout the day?","Drinking water regularly throughout the day, keeping a water bottle with you, and consuming hydrating foods like fruits and vegetables can help maintain hydration levels."
"I've been feeling stressed lately. Any stress-relief techniques you recommend?","Practicing mindfulness, deep breathing exercises, and engaging in relaxing activities such as meditation or yoga can help reduce stress levels."
"What are some healthy snack options for mid-morning or mid-afternoon cravings?","Healthy snack options include nuts, seeds, Greek yogurt, fruit, vegetable sticks with hummus, or whole grain crackers with cheese."
"I'm trying to quit smoking. Any advice on managing nicotine cravings?","Nicotine replacement therapy, such as patches or gum, along with support from a healthcare professional or smoking cessation program, can help manage nicotine cravings during the quitting process."
"I'm experiencing lower back pain. What are some exercises that might help?","Exercises such as gentle stretching, yoga, core strengthening, and low-impact activities like swimming or walking can help alleviate lower back pain."
"I'm curious about trying meditation. Any tips for beginners?","Start with short meditation sessions, focus on your breath, and be patient with yourself. There are many guided meditation apps and online resources available for beginners."
"I'm feeling a bit bloated after meals. Are there any foods I should avoid?","Avoiding foods high in sodium, carbonated beverages, and foods that are known to cause gas, such as beans and cruciferous vegetables, may help reduce bloating."
"I've been feeling tired despite getting enough sleep. Any advice?","Consider evaluating your sleep quality, stress levels, and dietary habits. It may be helpful to consult with a healthcare professional for further evaluation."
"What's the recommended daily intake of fruits and vegetables?","The USDA recommends filling half your plate with fruits and vegetables at each meal, aiming for 5-9 servings per day depending on age, gender, and activity level."
"I'm interested in improving my posture. Any exercises or tips you recommend?","Exercises such as shoulder blade squeezes, chin tucks, and chest stretches can help improve posture. Additionally, being mindful of your posture throughout the day can make a difference."
"I'm feeling a bit anxious about an upcoming presentation. Any strategies to help calm nerves?","Practicing deep breathing exercises, visualization techniques, and positive self-talk can help reduce anxiety before a presentation. It may also be helpful to prepare and practice your presentation in advance."
"I've been having trouble focusing at work. Any advice on improving concentration?","Taking regular breaks, staying hydrated, getting enough sleep, and practicing mindfulness techniques can help improve concentration and focus."
"What are some healthy lunch options for work?","Healthy lunch options include salads with lean protein, whole grain wraps or sandwiches, vegetable stir-fries, or quinoa bowls with roasted vegetables."
"I've been experiencing muscle soreness after workouts. Any tips for faster recovery?","Incorporating rest days into your workout routine, staying hydrated, and consuming protein-rich foods after exercise can help promote muscle recovery and reduce soreness."
"I'm interested in learning more about mindful eating. Where should I start?","Start by paying attention to your hunger and fullness cues, eating slowly, and savoring each bite. Mindful eating can also involve tuning into the taste, texture, and aroma of your food."
"I've been feeling a bit overwhelmed with household chores and work. Any strategies for managing stress?","Prioritizing tasks, setting realistic goals, and asking for help when needed can help manage stress associated with balancing household chores and work responsibilities."
"I'm experiencing occasional heartburn after meals. Any tips for relief?","Avoiding trigger foods, eating smaller meals, and waiting at least two to three hours after eating before lying down can help reduce heartburn symptoms. Over-the-counter antacids may also provide relief."
"I'm trying to incorporate more whole grains into my diet. What are some options?","Whole grain options include brown rice, quinoa, whole wheat pasta, barley, oats, and bulgur. Look for products labeled as "100% whole grain" for maximum nutritional benefits."
"What's the best way to reduce sugar intake?","Reducing sugar intake involves reading food labels, avoiding sugary beverages and processed foods, and opting for naturally sweet foods like fruits instead of refined sugars."
"I've been feeling a bit fatigued lately. Any dietary changes that might help boost energy levels?","Consuming a balanced diet rich in fruits, vegetables, lean proteins, and whole grains can help support energy levels. It's also important to stay hydrated and limit caffeine intake."
"I'm experiencing occasional tension headaches. Any tips for prevention?","Practicing good posture, staying hydrated, managing stress, and taking regular breaks from screens can help prevent tension headaches. It may also be helpful to incorporate relaxation techniques into your daily routine."
"I'm interested in improving my cardiovascular health. What exercises do you recommend?","Cardiovascular exercises such as walking, jogging, cycling, swimming, and dancing are great options for improving heart health. Aim for at least 150 minutes of moderate-intensity aerobic activity per week."
"I've been feeling a bit constipated lately. Any dietary changes that might help?","Increasing fiber intake, staying hydrated, and incorporating foods such as fruits, vegetables, whole grains, and legumes into your diet can help relieve constipation."
"I'm experiencing occasional neck pain. Any exercises or stretches that might help?","Gentle neck stretches, shoulder rolls, and exercises to improve posture and strengthen neck muscles can help alleviate neck pain. It's important to perform these exercises with caution and avoid any movements that worsen pain."
"I'm curious about trying a plant-based diet. Any tips for getting started?","Start by gradually incorporating more plant-based foods into your meals, such as fruits, vegetables, legumes, nuts, and seeds. Experiment with different recipes and food substitutions to find what works best for you."
"I'm feeling a bit stressed about an upcoming exam. Any strategies to help manage test anxiety?","Creating a study schedule, practicing relaxation techniques, getting enough sleep, and staying organized can help manage test anxiety. It may also be helpful to break down study material into smaller, manageable chunks."
"I've been experiencing occasional acid reflux. Any lifestyle changes that might help?","Avoiding trigger foods, eating smaller meals, and waiting at least two to three hours after eating before lying down can help reduce acid reflux symptoms. It's also important to avoid smoking and excessive alcohol consumption."
"I'm interested in improving my flexibility. What exercises or activities do you recommend?","Yoga, Pilates, and stretching exercises can help improve flexibility. Focus on gradually increasing flexibility over time and listen to your body's limits."
"I've been feeling a bit dehydrated lately. Any tips for staying hydrated?","Drinking water regularly throughout the day, carrying a reusable water bottle with you, and consuming hydrating foods like fruits and vegetables can help maintain hydration levels."
"I'm experiencing occasional indigestion after meals. Any dietary changes that might help?","Avoiding trigger foods, eating smaller meals, and chewing food slowly and thoroughly can help reduce indigestion symptoms. It's also important to avoid lying down immediately after eating."
"What are some healthy snack options for late-night cravings?","Healthy late-night snack options include Greek yogurt, a small handful of nuts, a piece of fruit, or whole grain crackers with cheese. Avoid heavy or high-fat foods close to bedtime."
"I'm trying to reduce my sodium intake. Any tips for cooking with less salt?","Seasoning dishes with herbs, spices, citrus juice, and vinegar can add flavor without relying on salt. It's also helpful to taste food before adding salt and gradually reduce salt usage over time."
"I'm experiencing occasional eye strain from staring at screens. Any tips for reducing eye strain?","Taking regular breaks from screens, adjusting screen brightness and contrast, and using the 20-20-20 rule (take a 20-second break every 20 minutes and look at something 20 feet away) can help reduce eye strain."
"I'm interested in improving my balance. What exercises do you recommend?","Exercises such as standing on one leg, heel-to-toe walks, and yoga poses that challenge balance can help improve balance and stability. It's important to perform these exercises in a safe environment."
"I'm feeling a bit overwhelmed with meal planning. Any tips for simplifying meal prep?","Batch cooking, meal prepping ingredients in advance, and using simple recipes with few ingredients can help simplify meal planning and prep. It may also be helpful to plan meals around versatile ingredients."
"I've been feeling a bit bloated after meals. Any tips for relieving bloating?","Eating smaller, more frequent meals, avoiding carbonated beverages, and incorporating foods that aid digestion, such as ginger or peppermint tea, may help relieve bloating."
"I'm interested in learning more about portion control. Any strategies you recommend?","Using smaller plates, measuring portion sizes, and being mindful of portion sizes when dining out can help with portion control. It may also be helpful to pay attention to hunger and fullness cues."
"I've been experiencing occasional shoulder pain. Any exercises or stretches that might help?","Gentle shoulder stretches, rotator cuff exercises, and exercises to improve posture and strengthen shoulder muscles can help alleviate shoulder pain. It's important to perform these exercises with caution and avoid any movements that worsen pain."
"I'm curious about trying intermittent fasting. Any tips for beginners?","Start with a gradual approach, such as the 16/8 method (fasting for 16 hours and eating within an 8-hour window), and listen to your body's hunger and fullness cues. It may be helpful to consult with a healthcare professional before starting intermittent fasting."
"I've been feeling a bit sluggish in the mornings. Any tips for boosting energy levels?","Starting the day with a balanced breakfast, staying hydrated, and incorporating physical activity into your morning routine can help boost energy levels. It's also important to get enough sleep and maintain a consistent sleep schedule."
"I'm interested in improving my cardiovascular fitness. What exercises do you recommend?","Cardiovascular exercises such as brisk walking, jogging, cycling, swimming, and dancing are excellent options for improving cardiovascular fitness. Aim for at least 150 minutes of moderate-intensity aerobic activity per week."
"I'm experiencing occasional knee pain. Any exercises or stretches that might help?","Gentle knee stretches, quad stretches, and exercises to strengthen the muscles around the knee can help alleviate knee pain. It's important to perform these exercises with proper form and avoid overexertion."
"I'm curious about trying a low-carb diet. Any tips for getting started?","Start by reducing your intake of refined carbohydrates and processed foods, and focus on whole, unprocessed foods such as vegetables, fruits, lean proteins, and healthy fats. It may be helpful to consult with a healthcare professional before starting a low-carb diet."
"I've been feeling a bit stressed about an upcoming deadline. Any strategies for managing work-related stress?","Prioritizing tasks, setting realistic goals, and practicing time management techniques can help manage work-related stress. It's also important to take regular breaks and practice relaxation techniques."
"I'm experiencing occasional foot pain. Any exercises or stretches that might help?","Gentle foot stretches, toe curls, and exercises to strengthen the muscles of the foot and ankle can help alleviate foot pain. It's important to perform these exercises with proper form and avoid overexertion."
"I'm interested in improving my mental well-being. Any daily habits you recommend?","Practicing gratitude, engaging in activities you enjoy, connecting with loved ones, and setting aside time for self-care activities such as exercise or relaxation can help improve mental well-being."
"I've been feeling a bit bloated after meals. Any tips for reducing bloating?","Eating smaller, more frequent meals, avoiding carbonated beverages, and incorporating foods that aid digestion, such as ginger or peppermint tea, may help reduce bloating."
"I'm interested in learning more about mindfulness. Any tips for incorporating mindfulness into daily life?","Start with simple mindfulness practices such as mindful breathing, mindful eating, or mindful walking. It's helpful to bring awareness to the present moment without judgment."
"I've been experiencing occasional hip pain. Any exercises or stretches that might help?","Gentle hip stretches, hip flexor stretches, and exercises to strengthen the muscles around the hip can help alleviate hip pain. It's important to perform these exercises with proper form and avoid overexertion."
"I'm feeling a bit overwhelmed with work and family responsibilities. Any strategies for managing stress?","Prioritizing tasks, setting boundaries, and asking for help when needed can help manage stress associated with balancing work and family responsibilities. It's also important to carve out time for self-care activities."
"I've been feeling a bit fatigued lately. Any dietary changes that might help boost energy levels?","Consuming a balanced diet rich in fruits, vegetables, lean proteins, and whole grains can help support energy levels. It's also important to stay hydrated and limit caffeine intake."
"I'm experiencing occasional wrist pain. Any exercises or stretches that might help?","Gentle wrist stretches, wrist flexor stretches, and exercises to strengthen the muscles of the forearm and hand can help alleviate wrist pain. It's important to perform these exercises with proper form and avoid overexertion."
"I'm curious about trying a vegetarian diet. Any tips for getting started?","Start by gradually incorporating more plant-based foods into your meals, such as fruits, vegetables, legumes, nuts, and seeds. Experiment with different recipes and food substitutions to find what works best for you."
"I've been feeling a bit stressed about an upcoming event. Any strategies for managing event-related stress?","Practicing relaxation techniques, staying organized, and focusing on the present moment can help manage event-related stress. It's also important to set realistic expectations and ask for help when needed."
"I'm experiencing occasional elbow pain. Any exercises or stretches that might help?","Gentle elbow stretches, wrist flexor stretches, and exercises to strengthen the muscles of the forearm and hand can help alleviate elbow pain. It's important to perform these exercises with proper form and avoid overexertion."
"I'm interested in learning more about mindful eating. Any tips for incorporating mindful eating into daily life?","Start by paying attention to your hunger and fullness cues, eating slowly, and savoring each bite. Mindful eating can also involve tuning into the taste, texture, and aroma of your food."
"I've been feeling a bit anxious lately. Any strategies for managing anxiety?","Practicing relaxation techniques, engaging in regular physical activity, and seeking support from loved ones or a mental health professional can help manage anxiety. It's also helpful to challenge negative thoughts and focus on the present moment."
"I'm experiencing occasional shoulder pain. Any exercises or stretches that might help?","Gentle shoulder stretches, rotator cuff exercises, and exercises to improve posture and strengthen shoulder muscles can help alleviate shoulder pain. It's important to perform these exercises with proper form and avoid any movements that worsen pain."
"I'm curious about trying meditation. Any tips for beginners?","Start with short meditation sessions, focus on your breath, and be patient with yourself. There are many guided meditation apps and online resources available for beginners."
"I've been feeling a bit stressed lately. Any stress-relief techniques you recommend?","Practicing mindfulness, deep breathing exercises, and engaging in relaxing activities such as meditation or yoga can help reduce stress levels."
"What are some healthy breakfast options?","Healthy breakfast options include oatmeal with fruit, whole grain toast with avocado, Greek yogurt with berries, or a vegetable omelet."
"I've been having trouble sleeping. Any tips for better sleep?","Establishing a bedtime routine, limiting screen time before bed, and creating a comfortable sleep environment can help improve sleep quality."
"How often should I exercise to stay healthy?","The American Heart Association recommends at least 150 minutes of moderate-intensity aerobic activity or 75 minutes of vigorous-intensity aerobic activity per week, along with muscle-strengthening activities on two or more days a week."
"I'm interested in starting yoga. Where should I begin?","Starting with beginner-friendly yoga classes or online tutorials can be a great way to ease into yoga practice. Focus on proper alignment and listen to your body's cues."
"What's the best way to stay hydrated throughout the day?","Drinking water regularly throughout the day, keeping a water bottle with you, and consuming hydrating foods like fruits and vegetables can help maintain hydration levels."
"I've been feeling stressed lately. Any stress-relief techniques you recommend?","Practicing mindfulness, deep breathing exercises, and engaging in relaxing activities such as meditation or yoga can help reduce stress levels."
"What are some healthy snack options for mid-morning or mid-afternoon cravings?","Healthy snack options include nuts, seeds, Greek yogurt, fruit, vegetable sticks with hummus, or whole grain crackers with cheese."
"I'm trying to quit smoking. Any advice on managing nicotine cravings?","Nicotine replacement therapy, such as patches or gum, along with support from a healthcare professional or smoking cessation program, can help manage nicotine cravings during the quitting process."
"I'm experiencing lower back pain. What are some exercises that might help?","Exercises such as gentle stretching, yoga, core strengthening, and low-impact activities like swimming or walking can help alleviate lower back pain."
"I'm curious about trying intermittent fasting. Any tips for beginners?","Start with a gradual approach, such as the 16/8 method (fasting for 16 hours and eating within an 8-hour window), and listen to your body's hunger and fullness cues. It may be helpful to consult with a healthcare professional before starting intermittent fasting."
"I've been feeling a bit constipated lately. Any dietary changes that might help?","Increasing fiber intake, staying hydrated, and incorporating foods such as fruits, vegetables, whole grains, and legumes into your diet can help relieve constipation."
"I'm interested in improving my mental well-being. Any daily habits you recommend?","Practicing gratitude, engaging in activities you enjoy, connecting with loved ones, and setting aside time for self-care activities such as exercise or relaxation can help improve mental well-being."
"I'm feeling a bit overwhelmed with work and family responsibilities. Any strategies for managing stress?","Prioritizing tasks, setting boundaries, and asking for help when needed can help manage stress associated with balancing work and family responsibilities. It's also important to carve out time for self-care activities."
"I've been feeling a bit fatigued lately. Any dietary changes that might help boost energy levels?","Consuming a balanced diet rich in fruits, vegetables, lean proteins, and whole grains can help support energy levels. It's also important to stay hydrated and limit caffeine intake."
"I'm interested in improving my cardiovascular fitness. What exercises do you recommend?","Cardiovascular exercises such as brisk walking, jogging, cycling, swimming, and dancing are excellent options for improving cardiovascular fitness. Aim for at least 150 minutes of moderate-intensity aerobic activity per week."
"I'm experiencing occasional knee pain. Any exercises or stretches that might help?","Gentle knee stretches, quad stretches, and exercises to strengthen the muscles around the knee can help alleviate knee pain. It's important to perform these exercises with proper form and avoid overexertion."
"I'm curious about trying a low-carb diet. Any tips for getting started?","Start by reducing your intake of refined carbohydrates and processed foods, and focus on whole, unprocessed foods such as vegetables, fruits, lean proteins, and healthy fats. It may be helpful to consult with a healthcare professional before starting a low-carb diet."
"I've been feeling a bit stressed about an upcoming event. Any strategies for managing event-related stress?","Practicing relaxation techniques, staying organized, and focusing on the present moment can help manage event-related stress. It's also important to set realistic expectations and ask for help when needed."
"I'm experiencing occasional elbow pain. Any exercises or stretches that might help?","Gentle elbow stretches, wrist flexor stretches, and exercises to strengthen the muscles of the forearm and hand can help alleviate elbow pain. It's important to perform these exercises with proper form and avoid overexertion."
"I'm interested in learning more about mindful eating. Any tips for incorporating mindful eating into daily life?","Start by paying attention to your hunger and fullness cues, eating slowly, and savoring each bite. Mindful eating can also involve tuning into the taste, texture, and aroma of your food."
"I've been feeling a bit anxious lately. Any strategies for managing anxiety?","Practicing relaxation techniques, engaging in regular physical activity, and seeking support from loved ones or a mental health professional can help manage anxiety. It's also helpful to challenge negative thoughts and focus on the present moment."
"I'm experiencing occasional shoulder pain. Any exercises or stretches that might help?","Gentle shoulder stretches, rotator cuff exercises, and exercises to improve posture and strengthen shoulder muscles can help alleviate shoulder pain. It's important to perform these exercises with proper form and avoid any movements that worsen pain."
"I'm curious about trying meditation. Any tips for beginners?","Start with short meditation sessions, focus on your breath, and be patient with yourself. There are many guided meditation apps and online resources available for beginners."
"I've been feeling a bit stressed lately. Any stress-relief techniques you recommend?","Practicing mindfulness, deep breathing exercises, and engaging in relaxing activities such as meditation or yoga can help reduce stress levels."
"What are some healthy breakfast options?","Healthy breakfast options include oatmeal with fruit, whole grain toast with avocado, Greek yogurt with berries, or a vegetable omelet."
"I've been having trouble sleeping. Any tips for better sleep?","Establishing a bedtime routine, limiting screen time before bed, and creating a comfortable sleep environment can help improve sleep quality."
"How often should I exercise to stay healthy?","The American Heart Association recommends at least 150 minutes of moderate-intensity aerobic activity or 75 minutes of vigorous-intensity aerobic activity per week, along with muscle-strengthening activities on two or more days a week."
"I'm interested in starting yoga. Where should I begin?","Starting with beginner-friendly yoga classes or online tutorials can be a great way to ease into yoga practice. Focus on proper alignment and listen to your body's cues."
"What's the best way to stay hydrated throughout the day?","Drinking water regularly throughout the day, keeping a water bottle with you, and consuming hydrating foods like fruits and vegetables can help maintain hydration levels."
"I've been feeling stressed lately. Any stress-relief techniques you recommend?","Practicing mindfulness, deep breathing exercises, and engaging in relaxing activities such as meditation or yoga can help reduce stress levels."
"What are some healthy snack options for mid-morning or mid-afternoon cravings?","Healthy snack options include nuts, seeds, Greek yogurt, fruit, vegetable sticks with hummus, or whole grain crackers with cheese."
"I'm trying to quit smoking. Any advice on managing nicotine cravings?","Nicotine replacement therapy, such as patches or gum, along with support from a healthcare professional or smoking cessation program, can help manage nicotine cravings during the quitting process."
"I'm experiencing lower back pain. What are some exercises that might help?","Exercises such as gentle stretching, yoga, core strengthening, and low-impact activities like swimming or walking can help alleviate lower back pain."
"I'm curious about trying intermittent fasting. Any tips for beginners?","Start with a gradual approach, such as the 16/8 method (fasting for 16 hours and eating within an 8-hour window), and listen to your body's hunger and fullness cues. It may be helpful to consult with a healthcare professional before starting intermittent fasting."
"I've been feeling a bit constipated lately. Any dietary changes that might help?","Increasing fiber intake, staying hydrated, and incorporating foods such as fruits, vegetables, whole grains, and legumes into your diet can help relieve constipation."
"I'm interested in improving my mental well-being. Any daily habits you recommend?","Practicing gratitude, engaging in activities you enjoy, connecting with loved ones, and setting aside time for self-care activities such as exercise or relaxation can help improve mental well-being."
"I'm feeling a bit overwhelmed with work and family responsibilities. Any strategies for managing stress?","Prioritizing tasks, setting boundaries, and asking for help when needed can help manage stress associated with balancing work and family responsibilities. It's also important to carve out time for self-care activities."
"I've been feeling a bit fatigued lately. Any dietary changes that might help boost energy levels?","Consuming a balanced diet rich in fruits, vegetables, lean proteins, and whole grains can help support energy levels. It's also important to stay hydrated and limit caffeine intake."
"I'm interested in improving my cardiovascular fitness. What exercises do you recommend?","Cardiovascular exercises such as brisk walking, jogging, cycling, swimming, and dancing are excellent options for improving cardiovascular fitness. Aim for at least 150 minutes of moderate-intensity aerobic activity per week."
"I'm experiencing occasional knee pain. Any exercises or stretches that might help?","Gentle knee stretches, quad stretches, and exercises to strengthen the muscles around the knee can help alleviate knee pain. It's important to perform these exercises with proper form and avoid overexertion."
"I'm curious about trying a low-carb diet. Any tips for getting started?","Start by reducing your intake of refined carbohydrates and processed foods, and focus on whole, unprocessed foods such as vegetables, fruits, lean proteins, and healthy fats. It may be helpful to consult with a healthcare professional before starting a low-carb diet."
"I've been feeling a bit stressed about an upcoming event. Any strategies for managing event-related stress?","Practicing relaxation techniques, staying organized, and focusing on the present moment can help manage event-related stress. It's also important to set realistic expectations and ask for help when needed."
"I'm experiencing occasional elbow pain. Any exercises or stretches that might help?","Gentle elbow stretches, wrist flexor stretches, and exercises to strengthen the muscles of the forearm and hand can help alleviate elbow pain. It's important to perform these exercises with proper form and avoid overexertion."
"I'm interested in learning more about mindful eating. Any tips for incorporating mindful eating into daily life?","Start by paying attention to your hunger and fullness cues, eating slowly, and savoring each bite. Mindful eating can also involve tuning into the taste, texture, and aroma of your food."
"I've been feeling a bit anxious lately. Any strategies for managing anxiety?","Practicing relaxation techniques, engaging in regular physical activity, and seeking support from loved ones or a mental health professional can help manage anxiety. It's also helpful to challenge negative thoughts and focus on the present moment."
"I'm experiencing occasional shoulder pain. Any exercises or stretches that might help?","Gentle shoulder stretches, rotator cuff exercises, and exercises to improve posture and strengthen shoulder muscles can help alleviate shoulder pain. It's important to perform these exercises with proper form and avoid any movements that worsen pain."
"I'm curious about trying meditation. Any tips for beginners?","Start with short meditation sessions, focus on your breath, and be patient with yourself. There are many guided meditation apps and online resources available for beginners."
"I've been feeling a bit stressed lately. Any stress-relief techniques you recommend?","Practicing mindfulness, deep breathing exercises, and engaging in relaxing activities such as meditation or yoga can help reduce stress levels."
"What are some healthy breakfast options?","Healthy breakfast options include oatmeal with fruit, whole grain toast with avocado, Greek yogurt with berries, or a vegetable omelet."
"I've been having trouble sleeping. Any tips for better sleep?","Establishing a bedtime routine, limiting screen time before bed, and creating a comfortable sleep environment can help improve sleep quality."
"How often should I exercise to stay healthy?","The American Heart Association recommends at least 150 minutes of moderate-intensity aerobic activity or 75 minutes of vigorous-intensity aerobic activity per week, along with muscle-strengthening activities on two or more days a week."
"I'm interested in starting yoga. Where should I begin?","Starting with beginner-friendly yoga classes or online tutorials can be a great way to ease into yoga practice. Focus on proper alignment and listen to your body's cues."
"What's the best way to stay hydrated throughout the day?","Drinking water regularly throughout the day, keeping a water bottle with you, and consuming hydrating foods like fruits and vegetables can help maintain hydration levels."
"I've been feeling stressed lately. Any stress-relief techniques you recommend?","Practicing mindfulness, deep breathing exercises, and engaging in relaxing activities such as meditation or yoga can help reduce stress levels."
"What are some healthy snack options for mid-morning or mid-afternoon cravings?","Healthy snack options include nuts, seeds, Greek yogurt, fruit, vegetable sticks with hummus, or whole grain crackers with cheese."
"I'm trying to quit smoking. Any advice on managing nicotine cravings?","Nicotine replacement therapy, such as patches or gum, along with support from a healthcare professional or smoking cessation program, can help manage nicotine cravings during the quitting process."
"I'm experiencing lower back pain. What are some exercises that might help?","Exercises such as gentle stretching, yoga, core strengthening, and low-impact activities like swimming or walking can help alleviate lower back pain."
"I'm curious about trying intermittent fasting. Any tips for beginners?","Start with a gradual approach, such as the 16/8 method (fasting for 16 hours and eating within an 8-hour window), and listen to your body's hunger and fullness cues. It may be helpful to consult with a healthcare professional before starting intermittent fasting."
"I've been feeling a bit constipated lately. Any dietary changes that might help?","Increasing fiber intake, staying hydrated, and incorporating foods such as fruits, vegetables, whole grains, and legumes into your diet can help relieve constipation."
"I'm interested in improving my mental well-being. Any daily habits you recommend?","Practicing gratitude, engaging in activities you enjoy, connecting with loved ones, and setting aside time for self-care activities such as exercise or relaxation can help improve mental well-being."
"I'm feeling a bit overwhelmed with work and family responsibilities. Any strategies for managing stress?","Prioritizing tasks, setting boundaries, and asking for help when needed can help manage stress associated with balancing work and family responsibilities. It's also important to carve out time for self-care activities."
"I've been feeling a bit fatigued lately. Any dietary changes that might help boost energy levels?","Consuming a balanced diet rich in fruits, vegetables, lean proteins, and whole grains can help support energy levels. It's also important to stay hydrated and limit caffeine intake."
"I'm interested in improving my cardiovascular fitness. What exercises do you recommend?","Cardiovascular exercises such as brisk walking, jogging, cycling, swimming, and dancing are excellent options for improving cardiovascular fitness. Aim for at least 150 minutes of moderate-intensity aerobic activity per week."
"I'm experiencing occasional knee pain. Any exercises or stretches that might help?","Gentle knee stretches, quad stretches, and exercises to strengthen the muscles around the knee can help alleviate knee pain. It's important to perform these exercises with proper form and avoid overexertion."
"I'm curious about trying a low-carb diet. Any tips for getting started?","Start by reducing your intake of refined carbohydrates and processed foods, and focus on whole, unprocessed foods such as vegetables, fruits, lean proteins, and healthy fats. It may be helpful to consult with a healthcare professional before starting a low-carb diet."
"I've been feeling a bit stressed about an upcoming event. Any strategies for managing event-related stress?","Practicing relaxation techniques, staying organized, and focusing on the present moment can help manage event-related stress. It's also important to set realistic expectations and ask for help when needed."
"I'm experiencing occasional elbow pain. Any exercises or stretches that might help?","Gentle elbow stretches, wrist flexor stretches, and exercises to strengthen the muscles of the forearm and hand can help alleviate elbow pain. It's important to perform these exercises with proper form and avoid overexertion."
"I'm interested in learning more about mindful eating. Any tips for incorporating mindful eating into daily life?","Start by paying attention to your hunger and fullness cues, eating slowly, and savoring each bite. Mindful eating can also involve tuning into the taste, texture, and aroma of your food."
"I've been feeling a bit anxious lately. Any strategies for managing anxiety?","Practicing relaxation techniques, engaging in regular physical activity, and seeking support from loved ones or a mental health professional can help manage anxiety. It's also helpful to challenge negative thoughts and focus on the present moment."
"I'm experiencing occasional shoulder pain. Any exercises or stretches that might help?","Gentle shoulder stretches, rotator cuff exercises, and exercises to improve posture and strengthen shoulder muscles can help alleviate shoulder pain. It's important to perform these exercises with proper form and avoid any movements that worsen pain."
"I'm curious about trying meditation. Any tips for beginners?","Start with short meditation sessions, focus on your breath, and be patient with yourself. There are many guided meditation apps and online resources available for beginners."
"I've been feeling a bit stressed lately. Any stress-relief techniques you recommend?","Practicing mindfulness, deep breathing exercises, and engaging in relaxing activities such as meditation or yoga can help reduce stress levels."
"What are some healthy breakfast options?","Healthy breakfast options include oatmeal with fruit, whole grain toast with avocado, Greek yogurt with berries, or a vegetable omelet."
"I've been having trouble sleeping. Any tips for better sleep?","Establishing a bedtime routine, limiting screen time before bed, and creating a comfortable sleep environment can help improve sleep quality."
"How often should I exercise to stay healthy?","The American Heart Association recommends at least 150 minutes of moderate-intensity aerobic activity or 75 minutes of vigorous-intensity aerobic activity per week, along with muscle-strengthening activities on two or more days a week."
"I'm interested in starting yoga. Where should I begin?","Starting with beginner-friendly yoga classes or online tutorials can be a great way to ease into yoga practice. Focus on proper alignment and listen to your body's cues."
"What's the best way to stay hydrated throughout the day?","Drinking water regularly throughout the day, keeping a water bottle with you, and consuming hydrating foods like fruits and vegetables can help maintain hydration levels."
"I've been feeling stressed lately. Any stress-relief techniques you recommend?","Practicing mindfulness, deep breathing exercises, and engaging in relaxing activities such as meditation or yoga can help reduce stress levels."
"What are some healthy snack options for mid-morning or mid-afternoon cravings?","Healthy snack options include nuts, seeds, Greek yogurt, fruit, vegetable sticks with hummus, or whole grain crackers with cheese."
"I'm trying to quit smoking. Any advice on managing nicotine cravings?","Nicotine replacement therapy, such as patches or gum, along with support from a healthcare professional or smoking cessation program, can help manage nicotine cravings during the quitting process."
"I'm experiencing lower back pain. What are some exercises that might help?","Exercises such as gentle stretching, yoga, core strengthening, and low-impact activities like swimming or walking can help alleviate lower back pain."
"I'm curious about trying intermittent fasting. Any tips for beginners?","Start with a gradual approach, such as the 16/8 method (fasting for 16 hours and eating within an 8-hour window), and listen to your body's hunger and fullness cues. It may be helpful to consult with a healthcare professional before starting intermittent fasting."
"I've been feeling a bit constipated lately. Any dietary changes that might help?","Increasing fiber intake, staying hydrated, and incorporating foods such as fruits, vegetables, whole grains, and legumes into your diet can help relieve constipation."
"I'm interested in improving my mental well-being. Any daily habits you recommend?","Practicing gratitude, engaging in activities you enjoy, connecting with loved ones, and setting aside time for self-care activities such as exercise or relaxation can help improve mental well-being."
"I'm feeling a bit overwhelmed with work and family responsibilities. Any strategies for managing stress?","Prioritizing tasks, setting boundaries, and asking for help when needed can help manage stress associated with balancing work and family responsibilities. It's also important to carve out time for self-care activities."
"I've been feeling a bit fatigued lately. Any dietary changes that might help boost energy levels?","Consuming a balanced diet rich in fruits, vegetables, lean proteins, and whole grains can help support energy levels. It's also important to stay hydrated and limit caffeine intake."
"I'm interested in improving my cardiovascular fitness. What exercises do you recommend?","Cardiovascular exercises such as brisk walking, jogging, cycling, swimming, and dancing are excellent options for improving cardiovascular fitness. Aim for at least 150 minutes of moderate-intensity aerobic activity per week."
"I'm experiencing occasional knee pain. Any exercises or stretches that might help?","Gentle knee stretches, quad stretches, and exercises to strengthen the muscles around the knee can help alleviate knee pain. It's important to perform these exercises with proper form and avoid overexertion."
"I'm curious about trying a low-carb diet. Any tips for getting started?","Start by reducing your intake of refined carbohydrates and processed foods, and focus on whole, unprocessed foods such as vegetables, fruits, lean proteins, and healthy fats. It may be helpful to consult with a healthcare professional before starting a low-carb diet."
"I've been feeling a bit stressed about an upcoming event. Any strategies for managing event-related stress?","Practicing relaxation techniques, staying organized, and focusing on the present moment can help manage event-related stress. It's also important to set realistic expectations and ask for help when needed."
"I'm experiencing occasional elbow pain. Any exercises or stretches that might help?","Gentle elbow stretches, wrist flexor stretches, and exercises to strengthen the muscles of the forearm and hand can help alleviate elbow pain. It's important to perform these exercises with proper form and avoid overexertion."
"I'm interested in learning more about mindful eating. Any tips for incorporating mindful eating into daily life?","Start by paying attention to your hunger and fullness cues, eating slowly, and savoring each bite. Mindful eating can also involve tuning into the taste, texture, and aroma of your food."
"I've been feeling a bit anxious lately. Any strategies for managing anxiety?","Practicing relaxation techniques, engaging in regular physical activity, and seeking support from loved ones or a mental health professional can help manage anxiety. It's also helpful to challenge negative thoughts and focus on the present moment."
"I'm experiencing occasional shoulder pain. Any exercises or stretches that might help?","Gentle shoulder stretches, rotator cuff exercises, and exercises to improve posture and strengthen shoulder muscles can help alleviate shoulder pain. It's important to perform these exercises with proper form and avoid any movements that worsen pain."
"I'm curious about trying meditation. Any tips for beginners?","Start with short meditation sessions, focus on your breath, and be patient with yourself. There are many guided meditation apps and online resources available for beginners."
"I've been feeling a bit stressed lately. Any stress-relief techniques you recommend?","Practicing mindfulness, deep breathing exercises, and engaging in relaxing activities such as meditation or yoga can help reduce stress levels."
"What are some healthy breakfast options?","Healthy breakfast options include oatmeal with fruit, whole grain toast with avocado, Greek yogurt with berries, or a vegetable omelet."
"I've been having trouble sleeping. Any tips for better sleep?","Establishing a bedtime routine, limiting screen time before bed, and creating a comfortable sleep environment can help improve sleep quality."
"How often should I exercise to stay healthy?","The American Heart Association recommends at least 150 minutes of moderate-intensity aerobic activity or 75 minutes of vigorous-intensity aerobic activity per week, along with muscle-strengthening activities on two or more days a week."
"I'm interested in starting yoga. Where should I begin?","Starting with beginner-friendly yoga classes or online tutorials can be a great way to ease into yoga practice. Focus on proper alignment and listen to your body's cues."
"What's the best way to stay hydrated throughout the day?","Drinking water regularly throughout the day, keeping a water bottle with you, and consuming hydrating foods like fruits and vegetables can help maintain hydration levels."
"I've been feeling stressed lately. Any stress-relief techniques you recommend?","Practicing mindfulness, deep breathing exercises, and engaging in relaxing activities such as meditation or yoga can help reduce stress levels."
"What are some healthy snack options for mid-morning or mid-afternoon cravings?","Healthy snack options include nuts, seeds, Greek yogurt, fruit, vegetable sticks with hummus, or whole grain crackers with cheese."
"I'm trying to quit smoking. Any advice on managing nicotine cravings?","Nicotine replacement therapy, such as patches or gum, along with support from a healthcare professional or smoking cessation program, can help manage nicotine cravings during the quitting process."
"I'm experiencing lower back pain. What are some exercises that might help?","Exercises such as gentle stretching, yoga, core strengthening, and low-impact activities like swimming or walking can help alleviate lower back pain."
"I'm curious about trying intermittent fasting. Any tips for beginners?","Start with a gradual approach, such as the 16/8 method (fasting for 16 hours and eating within an 8-hour window), and listen to your body's hunger and fullness cues. It may be helpful to consult with a healthcare professional before starting intermittent fasting."
"I've been feeling a bit constipated lately. Any dietary changes that might help?","Increasing fiber intake, staying hydrated, and incorporating foods such as fruits, vegetables, whole grains, and legumes into your diet can help relieve constipation."
"I'm interested in improving my mental well-being. Any daily habits you recommend?","Practicing gratitude, engaging in activities you enjoy, connecting with loved ones, and setting aside time for self-care activities such as exercise or relaxation can help improve mental well-being."
"I'm feeling a bit overwhelmed with work and family responsibilities. Any strategies for managing stress?","Prioritizing tasks, setting boundaries, and asking for help when needed can help manage stress associated with balancing work and family responsibilities. It's also important to carve out time for self-care activities."
"I've been feeling a bit fatigued lately. Any dietary changes that might help boost energy levels?","Consuming a balanced diet rich in fruits, vegetables, lean proteins, and whole grains can help support energy levels. It's also important to stay hydrated and limit caffeine intake."
"I'm interested in improving my cardiovascular fitness. What exercises do you recommend?","Cardiovascular exercises such as brisk walking, jogging, cycling, swimming, and dancing are excellent options for improving cardiovascular fitness. Aim for at least 150 minutes of moderate-intensity aerobic activity per week."
"I'm experiencing occasional knee pain. Any exercises or stretches that might help?","Gentle knee stretches, quad stretches, and exercises to strengthen the muscles around the knee can help alleviate knee pain. It's important to perform these exercises with proper form and avoid overexertion."
"I'm curious about trying a low-carb diet. Any tips for getting started?","Start by reducing your intake of refined carbohydrates and processed foods, and focus on whole, unprocessed foods such as vegetables, fruits, lean proteins, and healthy fats. It may be helpful to consult with a healthcare professional before starting a low-carb diet."
"I've been feeling a bit stressed about an upcoming event. Any strategies for managing event-related stress?","Practicing relaxation techniques, staying organized, and focusing on the present moment can help manage event-related stress. It's also important to set realistic expectations and ask for help when needed."
"I'm experiencing occasional elbow pain. Any exercises or stretches that might help?","Gentle elbow stretches, wrist flexor stretches, and exercises to strengthen the muscles of the forearm and hand can help alleviate elbow pain. It's important to perform these exercises with proper form and avoid overexertion."
"I'm interested in learning more about mindful eating. Any tips for incorporating mindful eating into daily life?","Start by paying attention to your hunger and fullness cues, eating slowly, and savoring each bite. Mindful eating can also involve tuning into the taste, texture, and aroma of your food."
"I've been feeling a bit anxious lately. Any strategies for managing anxiety?","Practicing relaxation techniques, engaging in regular physical activity, and seeking support from loved ones or a mental health professional can help manage anxiety. It's also helpful to challenge negative thoughts and focus on the present moment."
"I'm experiencing occasional shoulder pain. Any exercises or stretches that might help?","Gentle shoulder stretches, rotator cuff exercises, and exercises to improve posture and strengthen shoulder muscles can help alleviate shoulder pain. It's important to perform these exercises with proper form and avoid any movements that worsen pain."
"I'm curious about trying meditation. Any tips for beginners?","Start with short meditation sessions, focus on your breath, and be patient with yourself. There are many guided meditation apps and online resources available for beginners."
"I've been feeling a bit stressed lately. Any stress-relief techniques you recommend?","Practicing mindfulness, deep breathing exercises, and engaging in relaxing activities such as meditation or yoga can help reduce stress levels."
"What are some healthy breakfast options?","Healthy breakfast options include oatmeal with fruit, whole grain toast with avocado, Greek yogurt with berries, or a vegetable omelet."
"I've been having trouble sleeping. Any tips for better sleep?","Establishing a bedtime routine, limiting screen time before bed, and creating a comfortable sleep environment can help improve sleep quality."
"How often should I exercise to stay healthy?","The American Heart Association recommends at least 150 minutes of moderate-intensity aerobic activity or 75 minutes of vigorous-intensity aerobic activity per week, along with muscle-strengthening activities on two or more days a week."
"I'm interested in starting yoga. Where should I begin?","Starting with beginner-friendly yoga classes or online tutorials can be a great way to ease into yoga practice. Focus on proper alignment and listen to your body's cues."
"What's the best way to stay hydrated throughout the day?","Drinking water regularly throughout the day, keeping a water bottle with you, and consuming hydrating foods like fruits and vegetables can help maintain hydration levels."
"I've been feeling stressed lately. Any stress-relief techniques you recommend?","Practicing mindfulness, deep breathing exercises, and engaging in relaxing activities such as meditation or yoga can help reduce stress levels."
"What are some healthy snack options for mid-morning or mid-afternoon cravings?","Healthy snack options include nuts, seeds, Greek yogurt, fruit, vegetable sticks with hummus, or whole grain crackers with cheese."
"I'm trying to quit smoking. Any advice on managing nicotine cravings?","Nicotine replacement therapy, such as patches or gum, along with support from a healthcare professional or smoking cessation program, can help manage nicotine cravings during the quitting process."
"I'm experiencing lower back pain. What are some exercises that might help?","Exercises such as gentle stretching, yoga, core strengthening, and low-impact activities like swimming or walking can help alleviate lower back pain."
"I'm curious about trying intermittent fasting. Any tips for beginners?","Start with a gradual approach, such as the 16/8 method (fasting for 16 hours and eating within an 8-hour window), and listen to your body's hunger and fullness cues. It may be helpful to consult with a healthcare professional before starting intermittent fasting."
"I've been feeling a bit constipated lately. Any dietary changes that might help?","Increasing fiber intake, staying hydrated, and incorporating foods such as fruits, vegetables, whole grains, and legumes into your diet can help relieve constipation."
"I'm interested in improving my mental well-being. Any daily habits you recommend?","Practicing gratitude, engaging in activities you enjoy, connecting with loved ones, and setting aside time for self-care activities such as exercise or relaxation can help improve mental well-being."
"I'm feeling a bit overwhelmed with work and family responsibilities. Any strategies for managing stress?","Prioritizing tasks, setting boundaries, and asking for help when needed can help manage stress associated with balancing work and family responsibilities. It's also important to carve out time for self-care activities."
"I've been feeling a bit fatigued lately. Any dietary changes that might help boost energy levels?","Consuming a balanced diet rich in fruits, vegetables, lean proteins, and whole grains can help support energy levels. It's also important to stay hydrated and limit caffeine intake."
"I'm interested in improving my cardiovascular fitness. What exercises do you recommend?","Cardiovascular exercises such as brisk walking, jogging, cycling, swimming, and dancing are excellent options for improving cardiovascular fitness. Aim for at least 150 minutes of moderate-intensity aerobic activity per week."
"I'm experiencing occasional knee pain. Any exercises or stretches that might help?","Gentle knee stretches, quad stretches, and exercises to strengthen the muscles around the knee can help alleviate knee pain. It's important to perform these exercises with proper form and avoid overexertion."
"I'm curious about trying a low-carb diet. Any tips for getting started?","Start by reducing your intake of refined carbohydrates and processed foods, and focus on whole, unprocessed foods such as vegetables, fruits, lean proteins, and healthy fats. It may be helpful to consult with a healthcare professional before starting
